{
  "$schema": "http://json-schema.org/draft-04/schema#",
  "id": "aac",
  "name": "AAC (FFmpeg)",
  "defaults": {
    "_sampleFormat": "fltp"
  },
  "groups": [
    {
      "id": "aac.standard",
      "class": "standard",
      "properties": [
        {
          "id": "aac.standard.bitrate",
          "parameter": "b",
          "forced": true,
          "active": true,
          "control": {
            "type": "combobox",
            "selectedIndex": 5,
            "items": [
              {
                "value": "64000"
              },
              {
                "value": "96000"
              },
              {
                "value": "128000"
              },
              {
                "value": "192000"
              },
              {
                "value": "256000"
              },
              {
                "value": "320000"
              },
              {
                "value": "384000"
              },
              {
                "value": "448000"
              },
              {
                "value": "512000"
              }
            ]
          }
        },
        {
          "id": "aac.standard.profile",
          "parameter": "profile",
          "forced": true,
          "control": {
            "type": "combobox",
            "selectedIndex": 0,
            "items": [
              {
                "value": "aac_low"
              },
              {
                "value": "mpeg2_aac_low"
              },
              {
                "value": "aac_ltp"
              },
              {
                "value": "aac_main"
              }
            ]
          }
        }
      ]
    },
    {
      "id": "aac.advanced",
      "class": "advanced",
      "properties": [
        {
          "id": "cutoff",
          "parameter": "cutoff",
          "control": {
            "type": "integer",
            "maximum": 65535,
            "minimum": 1,
            "singleStep": 1000,
            "value": 20000
          }
        }
      ]
    }
  ]
 }