{
  "$schema": "http://json-schema.org/draft-04/schema#",
  "id": "alac",
  "name": "ALAC",
  "defaults": {},
  "groups": [
    {
      "id": "alac.basic",
      "class": "basic",
      "properties": [
        {
          "id": "alac.basic.sampleFormat",
          "parameter": "_sampleFormat",
          "forced": true,
          "control": {
            "type": "combobox",
            "selectedIndex": 0,
            "items": [
              {
                "value": "s16p"
              },
              {
                "value": "s32p"
              }
            ]
          }
        }
      ]
    },
    {
      "id": "alac.prediction_order",
      "class": "advanced",
      "properties": [
        {
          "id": "alac.prediction_order.min_prediction_order",
          "parameter": "min_prediction_order",
          "control": {
            "type": "integer",
            "minimum": 1,
            "maximum": 30,
            "singleStep": 1,
            "value": 4
          },
          "filters": [
            {
              "filter": "OnChangeValue",
              "params": {
                "LimitMaxValue": [
                  {
                    "id": "alac.prediction_order.max_prediction_order"
                  }
                ]
              }
            }
          ]
        },
        {
          "id": "alac.prediction_order.max_prediction_order",
          "parameter": "max_prediction_order",
          "control": {
            "type": "integer",
            "minimum": 1,
            "maximum": 30,
            "singleStep": 1,
            "value": 6
          },
          "filters": [
            {
              "filter": "OnChangeValue",
              "params": {
                "LimitMinValue": [
                  {
                    "id": "alac.prediction_order.min_prediction_order"
                  }
                ]
              }
            }
          ]
        }
      ]
    }
  ]
}