{
  "$schema": "http://json-schema.org/draft-04/schema#",
  "id": "av1_amf",
  "name": "AV1 (AMD AMF)",
  "defaults": {
    "_pixelFormat": "yuv420p"
  },
  "groups": [
    {
      "id": "standard",
      "class": "standard",
      "properties": [
        {
          "id": "usage",
          "parameter": "usage",
          "forced": true,
          "control": {
            "items": [
              {
                "value": "transcoding"
              },
              {
                "value": "lowlatency"
              }
            ],
            "selectedIndex": 0,
            "type": "combobox"
          }
        },
        {
          "id": "profile",
          "parameter": "profile",
          "forced": true,
          "control": {
            "items": [
              {
                "value": "main"
              }
            ],
            "selectedIndex": 0,
            "type": "combobox"
          }
        },
        {
          "id": "quality",
          "parameter": "quality",
          "forced": true,
          "control": {
            "items": [
              {
                "value": "speed"
              },
              {
                "value": "balanced"
              },
              {
                "value": "quality"
              },
              {
                "value": "high_quality"
              }
            ],
            "selectedIndex": 0,
            "type": "combobox"
          }
        },
        {
          "id": "strategy",
          "parameter": "rc",
          "forced": true,
          "control": {
            "items": [
              {
                "value": "cqp",
                "filters": [
                  {
                    "filter": "OnSelection",
                    "params": {
                      "ShowOptions": [
                        {
                          "id": "av1_amf.standard.qp_i",
                          "visible": true
                        },
                        {
                          "id": "av1_amf.standard.qp_p",
                          "visible": true
                        },

                        {
                          "id": "av1_amf.standard.bitrate",
                          "visible": false
                        }
                      ]
                    }
                  }
                ]
              },
              {
                "value": "cbr",
                "filters": [
                  {
                    "filter": "OnSelection",
                    "params": {
                      "ShowOptions": [
                        {
                          "id": "av1_amf.standard.qp_i",
                          "visible": false
                        },
                        {
                          "id": "av1_amf.standard.qp_p",
                          "visible": false
                        },
                        {
                          "id": "av1_amf.standard.bitrate",
                          "visible": true
                        }
                      ]
                    }
                  }
                ]
              },
              {
                "value": "vbr_peak",
                "filters": [
                  {
                    "filter": "OnSelection",
                    "params": {
                      "ShowOptions": [
                        {
                          "id": "av1_amf.standard.qp_i",
                          "visible": false
                        },
                        {
                          "id": "av1_amf.standard.qp_p",
                          "visible": false
                        },

                        {
                          "id": "av1_amf.standard.bitrate",
                          "visible": true
                        }
                      ]
                    }
                  }
                ]
              },
              {
                "value": "vbr_latency",
                "filters": [
                  {
                    "filter": "OnSelection",
                    "params": {
                      "ShowOptions": [
                        {
                          "id": "av1_amf.standard.qp_i",
                          "visible": false
                        },
                        {
                          "id": "av1_amf.standard.qp_p",
                          "visible": false
                        },
                        {
                          "id": "av1_amf.standard.bitrate",
                          "visible": true
                        }
                      ]
                    }
                  }
                ]
              }
            ],
            "selectedIndex": 0,
            "type": "combobox"
          }
        },
        {
          "id": "qp_i",
          "parameter": "qp_i",
          "forced": true,
          "control": {
            "type": "integer",
            "minimum": 0,
            "maximum": 255,
            "singleStep": 1,
            "value": 110
          }
        },
        {
          "id": "qp_p",
          "parameter": "qp_p",
          "forced": true,
          "control": {
            "type": "integer",
            "minimum": 0,
            "maximum": 255,
            "singleStep": 1,
            "value": 110
          }
        },
        {
          "id": "bitrate",
          "parameter": "b",
          "forced": true,
          "control": {
            "type": "integer",
            "minimum": 0,
            "maximum": 512000,
            "singleStep": 1000,
            "value": 15000,
            "visible": false
          },
          "multiplicationFactor": 1000
        }
      ]
    },
    {
      "id": "frames",
      "class": "advanced",
      "properties": [
        {
          "id": "gopsize",
          "parameter": "g",
          "control": {
            "type": "integer",
            "minimum": 1,
            "maximum": 1200,
            "singleStep": 1,
            "value": 300
          }
        }
      ]
    },
    {
      "id": "quantizer",
      "class": "advanced",
      "properties": [
        {
          "id": "min_qp_i",
          "parameter": "min_qp_i",
          "control": {
            "type": "integer",
            "minimum": 0,
            "maximum": 255,
            "singleStep": 1,
            "value": 0
          }
        },
        {
          "id": "max_qp_i",
          "parameter": "max_qp_i",
          "control": {
            "type": "integer",
            "minimum": 0,
            "maximum": 255,
            "singleStep": 1,
            "value": 0
          }
        },
        {
          "id": "min_qp_p",
          "parameter": "min_qp_p",
          "control": {
            "type": "integer",
            "minimum": 0,
            "maximum": 255,
            "singleStep": 1,
            "value": 0
          }
        },
        {
          "id": "max_qp_p",
          "parameter": "max_qp_p",
          "control": {
            "type": "integer",
            "minimum": 0,
            "maximum": 255,
            "singleStep": 1,
            "value": 0
          }
        }
      ]
    },
    {
      "id": "analysis",
      "class": "advanced",
      "properties": [
        {
          "id": "skip_frame",
          "parameter": "skip_frame",
          "control": {
            "type": "boolean",
            "value": false
          }
        },
        {
          "id": "preanalysis",
          "parameter": "preanalysis",
          "control": {
            "type": "boolean",
            "value": false
          }
        }
      ]
    },
    {
      "id": "misc",
      "class": "advanced",
      "properties": [
        {
          "id": "level",
          "parameter": "level",
          "control": {
            "items": [
              {
                "value": "2.0"
              },
              {
                "value": "2.1"
              },
              {
                "value": "2.2"
              },
              {
                "value": "2.3"
              },
              {
                "value": "3.0"
              },
              {
                "value": "3.1"
              },
              {
                "value": "3.2"
              },
              {
                "value": "3.3"
              },
              {
                "value": "4.0"
              },
              {
                "value": "4.1"
              },
              {
                "value": "4.2"
              },
              {
                "value": "4.3"
              },
              {
                "value": "5.0"
              },
              {
                "value": "5.1"
              },
              {
                "value": "5.2"
              },
              {
                "value": "5.3"
              },
              {
                "value": "6.0"
              },
              {
                "value": "6.1"
              },
              {
                "value": "6.2"
              },
              {
                "value": "6.3"
              },
              {
                "value": "7.0"
              },
              {
                "value": "7.1"
              },
              {
                "value": "7.2"
              },
              {
                "value": "7.3"
              }
            ],
            "selectedIndex": 0,
            "type": "combobox"
          }
        },
        {
          "id": "filler_data",
          "parameter": "filler_data",
          "control": {
            "type": "boolean",
            "value": false
          }
        },
        {
          "id": "enforce_hrd",
          "parameter": "enforce_hrd",
          "control": {
            "type": "boolean",
            "value": false
          }
        },
        {
          "id": "align",
          "parameter": "align",
          "control": {
            "selectedIndex": 2,
            "type": "combobox",
            "items": [
              {
                "value": "64x16"
              },
              {
                "value": "1080p"
              },
              {
                "value": "none"
              }
            ]
          }
        },
        {
          "id": "header_insertion_mode",
          "parameter": "header_insertion_mode",
          "control": {
            "selectedIndex": 0,
            "type": "combobox",
            "items": [
              {
                "value": "none"
              },
              {
                "value": "gop"
              },
              {
                "value": "frame"
              }
            ]
          }
        }
      ]
    }
  ]
}
