{
  "$schema": "http://json-schema.org/draft-04/schema#",
  "id": "bmp",
  "name": "Image series (BMP)",
  "defaults": {},
  "groups": [
    {
      "id": "basic",
      "class": "basic",
      "properties": [
        {
          "id": "pixelFormat",
          "parameter": "_pixelFormat",
          "forced": true,
          "control": {
            "type": "combobox",
            "selectedIndex": 0,
            "items": [
              {
                "value": "bgr24"
              },
              {
                "value": "bgra"
              }
            ]
          }
        }
      ]
    }
  ]
}