{
  "$schema": "http://json-schema.org/draft-04/schema#",
  "id": "hevc_amf",
  "name": "HEVC (AMD AMF)",
  "defaults": {
    "_pixelFormat": "yuv420p"
  },
  "groups": [
    {
      "id": "standard",
      "class": "standard",
      "properties": [
        {
          "id": "usage",
          "parameter": "usage",
          "forced": true,
          "control": {
            "items": [
              {
                "value": "transcoding"
              },
              {
                "value": "ultralowlatency"
              },
              {
                "value": "lowlatency"
              },
              {
                "value": "webcam"
              }
            ],
            "selectedIndex": 0,
            "type": "combobox"
          }
        },
        {
          "id": "profile",
          "parameter": "profile",
          "forced": true,
          "control": {
            "items": [
              {
                "value": "main"
              }
            ],
            "selectedIndex": 0,
            "type": "combobox"
          }
        },
        {
          "id": "profile_tier",
          "parameter": "profile_tier",
          "forced": true,
          "control": {
            "items": [
              {
                "value": "main"
              },
              {
                "value": "high"
              }
            ],
            "selectedIndex": 0,
            "type": "combobox"
          }
        },
        {
          "id": "quality",
          "parameter": "quality",
          "forced": true,
          "control": {
            "items": [
              {
                "value": "speed"
              },
              {
                "value": "balanced"
              },
              {
                "value": "quality"
              }
            ],
            "selectedIndex": 0,
            "type": "combobox"
          }
        },
        {
          "id": "strategy",
          "parameter": "rc",
          "forced": true,
          "control": {
            "items": [
              {
                "value": "cqp",
                "filters": [
                  {
                    "filter": "OnSelection",
                    "params": {
                      "ShowOptions": [
                        {
                          "id": "hevc_amf.standard.qp_i",
                          "visible": true
                        },
                        {
                          "id": "hevc_amf.standard.qp_p",
                          "visible": true
                        },
                        {
                          "id": "hevc_amf.standard.bitrate",
                          "visible": false
                        }
                      ]
                    }
                  }
                ]
              },
              {
                "value": "cbr",
                "filters": [
                  {
                    "filter": "OnSelection",
                    "params": {
                      "ShowOptions": [
                        {
                          "id": "hevc_amf.standard.qp_i",
                          "visible": false
                        },
                        {
                          "id": "hevc_amf.standard.qp_p",
                          "visible": false
                        },
                        {
                          "id": "hevc_amf.standard.bitrate",
                          "visible": true
                        }
                      ]
                    }
                  }
                ]
              },
              {
                "value": "vbr_peak",
                "filters": [
                  {
                    "filter": "OnSelection",
                    "params": {
                      "ShowOptions": [
                        {
                          "id": "hevc_amf.standard.qp_i",
                          "visible": false
                        },
                        {
                          "id": "hevc_amf.standard.qp_p",
                          "visible": false
                        },
                        {
                          "id": "hevc_amf.standard.bitrate",
                          "visible": true
                        }
                      ]
                    }
                  }
                ]
              },
              {
                "value": "vbr_latency",
                "filters": [
                  {
                    "filter": "OnSelection",
                    "params": {
                      "ShowOptions": [
                        {
                          "id": "hevc_amf.standard.qp_i",
                          "visible": false
                        },
                        {
                          "id": "hevc_amf.standard.qp_p",
                          "visible": false
                        },
                        {
                          "id": "hevc_amf.standard.bitrate",
                          "visible": true
                        }
                      ]
                    }
                  }
                ]
              }
            ],
            "selectedIndex": 0,
            "type": "combobox"
          }
        },
        {
          "id": "qp_i",
          "parameter": "qp_i",
          "forced": true,
          "control": {
            "type": "integer",
            "minimum": 0,
            "maximum": 51,
            "singleStep": 1,
            "value": 22
          }
        },
        {
          "id": "qp_p",
          "parameter": "qp_p",
          "forced": true,
          "control": {
            "type": "integer",
            "minimum": 0,
            "maximum": 51,
            "singleStep": 1,
            "value": 22
          }
        },
        {
          "id": "bitrate",
          "parameter": "b",
          "forced": true,
          "control": {
            "type": "integer",
            "minimum": 0,
            "maximum": 512000,
            "singleStep": 1000,
            "value": 15000,
            "visible": false
          },
          "multiplicationFactor": 1000
        }
      ]
    },
    {
      "id": "frames",
      "class": "advanced",
      "properties": [
        {
          "id": "gopsize",
          "parameter": "g",
          "control": {
            "type": "integer",
            "minimum": 1,
            "maximum": 1200,
            "singleStep": 1,
            "value": 300
          }
        }
      ]
    },
    {
      "id": "quantizer",
      "class": "advanced",
      "properties": [
        {
          "id": "min_qp_i",
          "parameter": "min_qp_i",
          "control": {
            "type": "integer",
            "minimum": 0,
            "maximum": 51,
            "singleStep": 1,
            "value": 0
          }
        },
        {
          "id": "max_qp_i",
          "parameter": "max_qp_i",
          "control": {
            "type": "integer",
            "minimum": 0,
            "maximum": 51,
            "singleStep": 1,
            "value": 0
          }
        },
        {
          "id": "min_qp_p",
          "parameter": "min_qp_p",
          "control": {
            "type": "integer",
            "minimum": 0,
            "maximum": 51,
            "singleStep": 1,
            "value": 0
          }
        },
        {
          "id": "max_qp_p",
          "parameter": "max_qp_p",
          "control": {
            "type": "integer",
            "minimum": 0,
            "maximum": 51,
            "singleStep": 1,
            "value": 0
          }
        },
        {
          "id": "vbaq",
          "parameter": "vbaq",
          "control": {
            "type": "boolean",
            "value": false
          }
        }
      ]
    },
    {
      "id": "analysis",
      "class": "advanced",
      "properties": [
        {
          "id": "me_half_pel",
          "parameter": "me_half_pel",
          "control": {
            "type": "boolean",
            "value": true
          }
        },
        {
          "id": "me_quarter_pel",
          "parameter": "me_quarter_pel",
          "control": {
            "type": "boolean",
            "value": true
          }
        },
        {
          "id": "skip_frame",
          "parameter": "skip_frame",
          "control": {
            "type": "boolean",
            "value": false
          }
        },
        {
          "id": "preanalysis",
          "parameter": "preanalysis",
          "control": {
            "type": "boolean",
            "value": false
          }
        },
        {
          "id": "max_au_size",
          "parameter": "max_au_size",
          "control": {
            "type": "integer",
            "minimum": 0,
            "maximum": 9999,
            "singleStep": 1,
            "value": 0
          }
        }
      ]
    },
    {
      "id": "misc",
      "class": "advanced",
      "properties": [
        {
          "id": "level",
          "parameter": "level",
          "control": {
            "items": [
              {
                "value": "1.0"
              },
              {
                "value": "2.0"
              },
              {
                "value": "2.1"
              },
              {
                "value": "3.0"
              },
              {
                "value": "3.1"
              },
              {
                "value": "4.0"
              },
              {
                "value": "4.1"
              },
              {
                "value": "5.0"
              },
              {
                "value": "5.1"
              },
              {
                "value": "5.2"
              },
              {
                "value": "6.0"
              },
              {
                "value": "6.1"
              },
              {
                "value": "6.2"
              }
            ],
            "selectedIndex": 0,
            "type": "combobox"
          }
        },
        {
          "id": "header_insertion_mode",
          "parameter": "header_insertion_mode",
          "control": {
            "type": "combobox",
            "selectedIndex": 0,
            "items": [
              {
                "value": "gop"
              },
              {
                "value": "idr"
              }
            ]
          }
        },
        {
          "id": "gops_per_idr",
          "parameter": "gops_per_idr",
          "control": {
            "type": "integer",
            "minimum": 0,
            "maximum": 9999,
            "singleStep": 1,
            "value": 60
          }
        },
        {
          "id": "filler_data",
          "parameter": "filler_data",
          "control": {
            "type": "boolean",
            "value": false
          }
        },
        {
          "id": "aud",
          "parameter": "aud",
          "control": {
            "type": "boolean",
            "value": false
          }
        },
        {
          "id": "enforce_hrd",
          "parameter": "enforce_hrd",
          "control": {
            "type": "boolean",
            "value": false
          }
        }
      ]
    }
  ]
}
