{
  "$schema": "http://json-schema.org/draft-04/schema#",
  "id": "hevc_nvenc",
  "name": "HEVC (NVIDIA NVENC)",
  "defaults": {},
  "presets": [
    {
      "name": "Good quality (Recommended)",
      "description": "",
      "options": {
        "_pixelFormat": "yuv420p",
        "rc": "constq",
        "qp": "15",
        "preset": "medium",
        "profile": "high"
      }
    }
  ],
  "groups": [
    {
      "id": "hevc_nvenc.basic",
      "class": "basic",
      "properties": [
        {
          "id": "hevc_nvenc.basic.pixelFormat",
          "parameter": "_pixelFormat",
          "forced": true,
          "control": {
            "selectedIndex": 0,
            "type": "combobox",
            "items": [
              {
                "value": "yuv420p",
                "filters": [
                  {
                    "filter": "OnSelection",
                    "params": {
                      "ShowOptions": [
                        {
                          "id": "hevc_nvenc.standard.profile420-8",
                          "visible": true
                        },
                        {
                          "id": "hevc_nvenc.standard.profile420-10",
                          "visible": false
                        }
                      ]
                    }
                  }
                ]
              },
              {
                "value": "p010le",
                "filters": [
                  {
                    "filter": "OnSelection",
                    "params": {
                      "ShowOptions": [
                        {
                          "id": "hevc_nvenc.standard.profile420-8",
                          "visible": false
                        },
                        {
                          "id": "hevc_nvenc.standard.profile420-10",
                          "visible": true
                        }
                      ]
                    }
                  }
                ]
              },
              {
                "value": "yuv444p",
                "filters": [
                  {
                    "filter": "OnSelection",
                    "params": {
                      "ShowOptions": [
                        {
                          "id": "hevc_nvenc.standard.profile420-8",
                          "visible": true
                        },
                        {
                          "id": "hevc_nvenc.standard.profile420-10",
                          "visible": false
                        }
                      ]
                    }
                  }
                ]
              },
              {
                "value": "yuv444p16le",
                "filters": [
                  {
                    "filter": "OnSelection",
                    "params": {
                      "ShowOptions": [
                        {
                          "id": "hevc_nvenc.standard.profile420-8",
                          "visible": false
                        },
                        {
                          "id": "hevc_nvenc.standard.profile420-10",
                          "visible": true
                        }
                      ]
                    }
                  }
                ]
              }
            ]
          }
        }
      ]
    },
    {
      "id": "hevc_nvenc.standard",
      "class": "standard",
      "properties": [
        {
          "id": "hevc_nvenc.standard.preset",
          "parameter": "preset",
          "forced": true,
          "control": {
            "type": "combobox",
            "selectedIndex": 3,
            "items": [
              {
                "value": "p1"
              },
              {
                "value": "p2"
              },
              {
                "value": "p3"
              },
              {
                "value": "p4"
              },
              {
                "value": "p5"
              },
              {
                "value": "p6"
              },
              {
                "value": "p7"
              }
            ]
          }
        },
        {
          "id": "hevc_nvenc.standard.profile420-8",
          "parameter": "profile",
          "forced": true,
          "control": {
            "type": "combobox",
            "selectedIndex": 0,
            "items": [
              {
                "value": "main"
              },
              {
                "value": "rext"
              }
            ]
          }
        },
        {
          "id": "hevc_nvenc.standard.profile420-10",
          "parameter": "profile",
          "forced": true,
          "control": {
            "type": "combobox",
            "selectedIndex": 0,
            "items": [
              {
                "value": "main10"
              }
            ]
          }
        },
        {
          "id": "hevc_nvenc.standard.tier",
          "parameter": "tier",
          "forced": true,
          "control": {
            "type": "combobox",
            "selectedIndex": 0,
            "items": [
              {
                "value": "main"
              },
              {
                "value": "high"
              }
            ]
          }
        },
        {
          "id": "hevc_nvenc.standard.strategy",
          "parameter": "rc",
          "forced": true,
          "control": {
            "type": "combobox",
            "selectedIndex": 0,
            "items": [
              {
                "value": "constqp",
                "filters": [
                  {
                    "filter": "OnSelection",
                    "params": {
                      "ShowOptions": [
                        {
                          "id": "hevc_nvenc.standard.strategy.cqp",
                          "visible": true
                        },
                        {
                          "id": "hevc_nvenc.standard.strategy.bitrate",
                          "visible": false
                        },
                        {
                          "id": "hevc_nvenc.standard.strategy.maxrate",
                          "visible": false
                        },
                        {
                          "id": "hevc_nvenc.standard.strategy.buffersize",
                          "visible": false
                        },
                        {
                          "id": "hevc_nvenc.standard.strategy.cq",
                          "visible": false
                        }
                      ]
                    }
                  }
                ]
              },
              {
                "value": "cbr",
                "filters": [
                  {
                    "filter": "OnSelection",
                    "params": {
                      "ShowOptions": [
                        {
                          "id": "hevc_nvenc.standard.strategy.cqp",
                          "visible": false
                        },
                        {
                          "id": "hevc_nvenc.standard.strategy.bitrate",
                          "visible": true
                        },
                        {
                          "id": "hevc_nvenc.standard.strategy.maxrate",
                          "visible": false
                        },
                        {
                          "id": "hevc_nvenc.standard.strategy.buffersize",
                          "visible": true
                        },
                        {
                          "id": "hevc_nvenc.standard.strategy.cq",
                          "visible": false
                        }
                      ]
                    }
                  }
                ]
              },
              {
                "value": "vbr",
                "filters": [
                  {
                    "filter": "OnSelection",
                    "params": {
                      "ShowOptions": [
                        {
                          "id": "hevc_nvenc.standard.strategy.cqp",
                          "visible": false
                        },
                        {
                          "id": "hevc_nvenc.standard.strategy.bitrate",
                          "visible": true
                        },
                        {
                          "id": "hevc_nvenc.standard.strategy.maxrate",
                          "visible": true
                        },
                        {
                          "id": "hevc_nvenc.standard.strategy.buffersize",
                          "visible": true
                        },
                        {
                          "id": "hevc_nvenc.standard.strategy.cq",
                          "visible": true
                        }
                      ]
                    }
                  }
                ]
              }
            ]
          }
        },
        {
          "id": "hevc_nvenc.standard.strategy.cqp",
          "parameter": "qp",
          "forced": true,
          "control": {
            "type": "integer",
            "minimum": 0,
            "maximum": 51,
            "singleStep": 1,
            "value": 23
          }
        },
        {
          "id": "hevc_nvenc.standard.strategy.bitrate",
          "parameter": "b",
          "forced": true,
          "control": {
            "type": "integer",
            "minimum": 0,
            "maximum": 512000,
            "singleStep": 1000,
            "value": 15000,
            "visible": false
          },
          "multiplicationFactor": 1000,
          "filters": [
            {
              "filter": "OnChangeValue",
              "params": {
                "LimitMaxValue": [
                  {
                    "id": "hevc_nvenc.standard.strategy.maxrate"
                  }
                ]
              }
            }
          ]
        },
        {
          "id": "hevc_nvenc.standard.strategy.maxrate",
          "parameter": "maxrate",
          "forced": true,
          "control": {
            "type": "integer",
            "minimum": 0,
            "maximum": 512000,
            "singleStep": 1000,
            "value": 15000,
            "visible": false
          },
          "multiplicationFactor": 1000,
          "filters": [
            {
              "filter": "OnChangeValue",
              "params": {
                "LimitMinValue": [
                  {
                    "id": "hevc_nvenc.standard.strategy.bitrate"
                  }
                ]
              }
            }
          ]
        },
        {
          "id": "hevc_nvenc.standard.strategy.buffersize",
          "parameter": "bufsize",
          "forced": true,
          "control": {
            "type": "integer",
            "minimum": 0,
            "maximum": 512000,
            "singleStep": 1000,
            "value": 15000,
            "visible": false
          },
          "multiplicationFactor": 1000
        },
        {
          "id": "hevc_nvenc.standard.strategy.cq",
          "parameter": "cq",
          "forced": true,
          "control": {
            "type": "integer",
            "minimum": 0,
            "maximum": 51,
            "singleStep": 1,
            "value": 0,
            "visible": false
          }
        },
        {
          "id": "hevc_nvenc.standard.strategy.twopass",
          "parameter": "multipass",
          "forced": true,
          "control": {
            "type": "combobox",
            "selectedIndex": 0,
            "items": [
              {
                "value": "disabled"
              },
              {
                "value": "qres"
              },
              {
                "value": "fullres"
              }
            ]
          }
        },
        {
          "id": "hevc_nvenc.standard.tune",
          "parameter": "tune",
          "control": {
            "type": "combobox",
            "selectedIndex": 0,
            "items": [
              {
                "value": "hq"
              },
              {
                "value": "ll"
              },
              {
                "value": "ull"
              },
              {
                "value": "lossless"
              }
            ]
          }
        }
      ]
    },
    {
      "id": "hevc_nvenc.frames",
      "class": "advanced",
      "properties": [
        {
          "id": "hevc_nvenc.frames.rclookahead",
          "parameter": "rc-lookahead",
          "control": {
            "type": "integer",
            "minimum": 0,
            "maximum": 1024,
            "singleStep": 1,
            "value": 0
          }
        },
        {
          "id": "hevc_nvenc.frames.gopsize",
          "parameter": "g",
          "control": {
            "type": "integer",
            "minimum": 1,
            "maximum": 1200,
            "singleStep": 1,
            "value": 300
          }
        },
        {
          "id": "hevc_nvenc.frames.strictgop",
          "parameter": "strict-gop",
          "control": {
            "type": "boolean",
            "value": false
          }
        },
        {
          "id": "hevc_nvenc.frames.bframes",
          "parameter": "bf",
          "control": {
            "type": "integer",
            "minimum": 0,
            "maximum": 4,
            "singleStep": 1,
            "value": 2
          }
        },
        {
          "id": "hevc_nvenc.frames.refs",
          "parameter": "refs",
          "control": {
            "type": "integer",
            "minimum": 1,
            "maximum": 16,
            "singleStep": 1,
            "value": 3
          }
        },
        {
          "id": "hevc_nvenc.frames.noscenecut",
          "parameter": "no-scenecut",
          "control": {
            "type": "boolean",
            "value": false
          }
        },
        {
          "id": "hevc_nvenc.frames.forcedidr",
          "parameter": "forced-idr",
          "control": {
            "type": "boolean",
            "value": false
          }
        },
        {
          "id": "hevc_nvenc.frames.nonrefp",
          "parameter": "nonref_p",
          "control": {
            "type": "boolean",
            "value": false
          }
        }
      ]
    },
    {
      "id": "hevc_nvenc.quantizer",
      "class": "advanced",
      "properties": [
        {
          "id": "hevc_nvenc.quantizer.qmin",
          "parameter": "qmin",
          "control": {
            "type": "integer",
            "minimum": 0,
            "maximum": 51,
            "singleStep": 1,
            "value": 0
          }
        },
        {
          "id": "hevc_nvenc.quantizer.qmax",
          "parameter": "qmax",
          "control": {
            "type": "integer",
            "minimum": 0,
            "maximum": 51,
            "singleStep": 1,
            "value": 0
          }
        },
        {
          "id": "hevc_nvenc.quantizer.qpi",
          "parameter": "init_qpI",
          "control": {
            "type": "integer",
            "minimum": 0,
            "maximum": 51,
            "singleStep": 1,
            "value": 0
          }
        },
        {
          "id": "hevc_nvenc.quantizer.qpp",
          "parameter": "init_qpP",
          "control": {
            "type": "integer",
            "minimum": 0,
            "maximum": 51,
            "singleStep": 1,
            "value": 0
          }
        },
        {
          "id": "hevc_nvenc.quantizer.qpb",
          "parameter": "init_qpB",
          "control": {
            "type": "integer",
            "minimum": 0,
            "maximum": 51,
            "singleStep": 1,
            "value": 0
          }
        },
        {
          "id": "hevc_nvenc.quantizer.spatialaq",
          "parameter": "spatial-aq",
          "control": {
            "type": "boolean",
            "value": false
          }
        },
        {
          "id": "hevc_nvenc.quantizer.spatialaq.strength",
          "parameter": "aq-strength",
          "control": {
            "type": "integer",
            "minimum": 1,
            "maximum": 15,
            "singleStep": 1,
            "value": 8
          }
        },
        {
          "id": "hevc_nvenc.quantizer.temporalaq",
          "parameter": "temporal-aq",
          "control": {
            "type": "boolean",
            "value": false
          }
        }
      ]
    },
    {
      "id": "hevc_nvenc.misc",
      "class": "advanced",
      "properties": [
        {
          "id": "hevc_nvenc.misc.level",
          "parameter": "level",
          "control": {
            "type": "combobox",
            "selectedIndex": 0,
            "items": [
              {
                "value": "1"
              },
              {
                "value": "2"
              },
              {
                "value": "2.1"
              },
              {
                "value": "3"
              },
              {
                "value": "3.1"
              },
              {
                "value": "4"
              },
              {
                "value": "4.1"
              },
              {
                "value": "5"
              },
              {
                "value": "5.1"
              },
              {
                "value": "5.2"
              },
              {
                "value": "6"
              },
              {
                "value": "6.1"
              },
              {
                "value": "6.2"
              }
            ]
          }
        },
        {
          "id": "hevc_nvenc.misc.surfaces",
          "parameter": "surfaces",
          "control": {
            "type": "integer",
            "minimum": 0,
            "maximum": 64,
            "singleStep": 1,
            "value": 0
          }
        },
        {
          "id": "hevc_nvenc.misc.zerolat",
          "parameter": "zerolatency",
          "control": {
            "type": "boolean",
            "value": false
          }
        },
        {
          "id": "hevc_nvenc.misc.weightedpred",
          "parameter": "weighted_pred",
          "control": {
            "type": "boolean",
            "value": false
          }
        },
        {
          "id": "hevc_nvenc.misc.bdc",
          "parameter": "bluray-compat",
          "control": {
            "type": "boolean",
            "value": false
          }
        },
        {
          "id": "hevc_nvenc.misc.aud",
          "parameter": "aud",
          "control": {
            "type": "boolean",
            "value": false
          }
        }
      ]
    }
  ]
}
