{
  "$schema": "http://json-schema.org/draft-04/schema#",
  "id": "libsvtav1",
  "name": "AV1 (SVT)",
  "defaults": {},
  "presets": [],
  "parameterGroups": {
    "svtav1-params": [
      "rc",
      "crf",
      "qp",
      "tbr",
      "mbr",
      "tune",
      "film-grain",
      "hierarchical-levels",
      "keyint",
      "irefresh-type",
      "fast-decode",
      "enable-hdr",
      "asm",
      "lp",
      "pin",
      "ss",
      "pred-struct",
      "force-key-frames",
      "aq-mode",
      "use-fixed-qindex-offsets",
      "key-frame-qindex-offset",
      "key-frame-chroma-qindex-offset",
      "undershoot-pct",
      "overshoot-pct",
      "mbr-overshoot-pct",
      "buf-sz",
      "buf-initial-sz",
      "buf-optimal-sz",
      "recode-loop",
      "bias-pct",
      "minsection-pct",
      "maxsection-pct",
      "gop-constraint-rc",
      "enable-qm",
      "qm-min",
      "qm-max",
      "enable-dlf",
      "enable-cdef",
      "enable-restoration",
      "enable-tpl-la",
      "enable-tf",
      "enable-overlays",
      "scm",
      "rmv",
      "film-grain-denoise",
      "superres-mode",
      "superres-denom",
      "superres-kf-denom",
      "superres-qthres",
      "superres-kf-qthres",
      "sframe-dist",
      "sframe-mode",
      "resize-mode",
      "resize-denom",
      "resize-kf-denom",
      "color-primaries",
      "transfer-characteristics",
      "matrix-coefficients",
      "color-range",
      "chroma-sample-position"
    ]
  },
  "groups": [
    {
      "id": "basic",
      "class": "basic",
      "properties": [
        {
          "id": "pixelFormat",
          "parameter": "_pixelFormat",
          "forced": true,
          "control": {
            "type": "combobox",
            "selectedIndex": 0,
            "items": [
              {
                "value": "yuv420p"
              },
              {
                "value": "yuv420p10le"
              }
            ]
          }
        }
      ]
    },
    {
      "class": "standard",
      "id": "standard",
      "properties": [
        {
          "id": "rc",
          "parameter": "rc",
          "forced": true,
          "control": {
            "type": "combobox",
            "selectedIndex": 0,
            "items": [
              {
                "value": "0",
                "filters": [
                  {
                    "filter": "OnSelection",
                    "params": {
                      "ShowOptions": [
                        {
                          "id": "libsvtav1.standard.crf",
                          "visible": true
                        },
                        {
                          "id": "libsvtav1.standard.qp",
                          "visible": true
                        },
                        {
                          "id": "libsvtav1.standard.bitrate",
                          "visible": false
                        },
                        {
                          "id": "libsvtav1.standard.maxrate",
                          "visible": false
                        }
                      ]
                    }
                  }
                ]
              },
              {
                "value": "1",
                "filters": [
                  {
                    "filter": "OnSelection",
                    "params": {
                      "ShowOptions": [
                        {
                          "id": "libsvtav1.standard.crf",
                          "visible": false
                        },
                        {
                          "id": "libsvtav1.standard.qp",
                          "visible": false
                        },
                        {
                          "id": "libsvtav1.standard.bitrate",
                          "visible": true
                        },
                        {
                          "id": "libsvtav1.standard.maxrate",
                          "visible": true
                        }
                      ]
                    }
                  }
                ]
              },
              {
                "value": "2",
                "filters": [
                  {
                    "filter": "OnSelection",
                    "params": {
                      "ShowOptions": [
                        {
                          "id": "libsvtav1.standard.crf",
                          "visible": false
                        },
                        {
                          "id": "libsvtav1.standard.qp",
                          "visible": false
                        },
                        {
                          "id": "libsvtav1.standard.bitrate",
                          "visible": true
                        },
                        {
                          "id": "libsvtav1.standard.maxrate",
                          "visible": false
                        }
                      ]
                    }
                  }
                ]
              }
            ]
          }
        },
        {
          "id": "preset",
          "parameter": "preset",
          "forced": true,
          "control": {
            "type": "combobox",
            "selectedIndex": 10,
            "items": [
              {
                "value": "0"
              },
              {
                "value": "1"
              },
              {
                "value": "2"
              },
              {
                "value": "3"
              },
              {
                "value": "4"
              },
              {
                "value": "5"
              },
              {
                "value": "6"
              },
              {
                "value": "7"
              },
              {
                "value": "8"
              },
              {
                "value": "9"
              },
              {
                "value": "10"
              },
              {
                "value": "11"
              },
              {
                "value": "12"
              },
              {
                "value": "13"
              }
            ]
          }
        },
        {
          "id": "crf",
          "parameter": "crf",
          "forced": false,
          "control": {
            "type": "integer",
            "maximum": 63,
            "minimum": 1,
            "singleStep": 1,
            "value": 35
          }
        },
        {
          "id": "qp",
          "parameter": "qp",
          "forced": false,
          "control": {
            "type": "integer",
            "maximum": 63,
            "minimum": 1,
            "singleStep": 1,
            "value": 35
          }
        },
        {
          "id": "bitrate",
          "parameter": "tbr",
          "forced": true,
          "control": {
            "type": "integer",
            "minimum": 1,
            "maximum": 100000,
            "singleStep": 100,
            "value": 2000,
            "visible": false
          }
        },
        {
          "id": "maxrate",
          "parameter": "mbr",
          "forced": true,
          "control": {
            "type": "integer",
            "minimum": 1,
            "maximum": 100000,
            "singleStep": 100,
            "value": 2000
          }
        },
        {
          "id": "tune",
          "parameter": "tune",
          "control": {
            "type": "combobox",
            "selectedIndex": 0,
            "items": [
              {
                "value": "0"
              },
              {
                "value": "1"
              }
            ]
          }
        },
        {
          "id": "tier",
          "parameter": "tier",
          "control": {
            "type": "combobox",
            "selectedIndex": 0,
            "items": [
              {
                "value": "main"
              },
              {
                "value": "high"
              }
            ]
          }
        },
        {
          "id": "profile",
          "parameter": "profile",
          "control": {
            "type": "combobox",
            "selectedIndex": 0,
            "items": [
              {
                "value": "main"
              },
              {
                "value": "high"
              },
              {
                "value": "professional"
              }
            ]
          }
        }
      ]
    },
    {
      "class": "advanced",
      "id": "advanced",
      "properties": [
        {
          "id": "level",
          "parameter": "level",
          "control": {
            "type": "combobox",
            "selectedIndex": 0,
            "items": [
              {
                "value": "2.0"
              },
              {
                "value": "2.1"
              },
              {
                "value": "2.2"
              },
              {
                "value": "2.3"
              },
              {
                "value": "3.0"
              },
              {
                "value": "3.1"
              },
              {
                "value": "3.2"
              },
              {
                "value": "3.3"
              },
              {
                "value": "4.0"
              },
              {
                "value": "4.1"
              },
              {
                "value": "4.2"
              },
              {
                "value": "4.3"
              },
              {
                "value": "5.0"
              },
              {
                "value": "5.1"
              },
              {
                "value": "5.2"
              },
              {
                "value": "5.3"
              },
              {
                "value": "6.0"
              },
              {
                "value": "6.1"
              },
              {
                "value": "6.2"
              },
              {
                "value": "6.3"
              },
              {
                "value": "7.0"
              },
              {
                "value": "7.1"
              },
              {
                "value": "7.2"
              },
              {
                "value": "7.3"
              }
            ]
          }
        },
        {
          "id": "qmin",
          "parameter": "qmin",
          "control": {
            "maximum": 62,
            "minimum": 1,
            "singleStep": 1,
            "type": "integer",
            "value": 1
          },
          "filters": [
            {
              "filter": "OnChangeValue",
              "params": {
                "LimitMaxValue": [
                  {
                    "id": "libsvtav1.advanced.qmax"
                  }
                ]
              }
            }
          ]
        },
        {
          "id": "qmax",
          "parameter": "qmax",
          "control": {
            "maximum": 63,
            "minimum": 1,
            "singleStep": 1,
            "type": "integer",
            "value": 63
          },
          "filters": [
            {
              "filter": "OnChangeValue",
              "params": {
                "LimitMinValue": [
                  {
                    "id": "libsvtav1.advanced.qmin"
                  }
                ]
              }
            }
          ]
        },
        {
          "id": "hierarchical-levels",
          "parameter": "hierarchical-levels",
          "control": {
            "maximum": 5,
            "minimum": 3,
            "singleStep": 1,
            "type": "integer",
            "value": 4
          }
        },
        {
          "id": "fast-decode",
          "parameter": "fast-decode",
          "control": {
            "type": "boolean",
            "value": false
          }
        },
        {
          "id": "sc_detection",
          "parameter": "sc_detection",
          "control": {
            "type": "boolean",
            "value": false
          }
        },
        {
          "id": "film-grain",
          "parameter": "film-grain",
          "control": {
            "type": "integer",
            "minimum": 1,
            "maximum": 50,
            "value": 1,
            "singleStep": 1
          }
        },
        {
          "id": "keyint",
          "parameter": "keyint",
          "control": {
            "type": "integer",
            "minimum": -2,
            "maximum": 2147483647,
            "value": -2,
            "singleStep": 1
          }
        },
        {
          "id": "irefresh-type",
          "parameter": "irefresh-type",
          "control": {
            "type": "combobox",
            "selectedIndex": 1,
            "items": [
              {
                "value": "1"
              },
              {
                "value": "2"
              }
            ]
          }
        },
        {
          "id": "enable-hdr",
          "parameter": "enable-hdr",
          "control": {
            "type": "boolean",
            "value": false
          }
        },
        {
          "id": "asm",
          "parameter": "asm",
          "control": {
            "type": "string",
            "value": "max"
          }
        },
        {
          "id": "lp",
          "parameter": "lp",
          "control": {
            "type": "integer",
            "minimum": 0,
            "maximum": 65535,
            "value": 0,
            "singleStep": 1
          }
        },
        {
          "id": "pin",
          "parameter": "pin",
          "control": {
            "type": "boolean",
            "value": false
          }
        },
        {
          "id": "ss",
          "parameter": "ss",
          "control": {
            "type": "integer",
            "minimum": -1,
            "maximum": 1,
            "value": -1,
            "singleStep": 1
          }
        },
        {
          "id": "la_depth",
          "parameter": "la_depth",
          "control": {
            "type": "integer",
            "minimum": -1,
            "maximum": 120,
            "value": -1,
            "singleStep": 1
          }
        },
        {
          "id": "pred-struct",
          "parameter": "pred-struct",
          "control": {
            "type": "combobox",
            "selectedIndex": 1,
            "items": [
              {
                "value": "1"
              },
              {
                "value": "2"
              }
            ]
          }
        },
        {
          "id": "force-key-frames",
          "parameter": "force-key-frames",
          "control": {
            "type": "string",
            "value": "none"
          }
        },
        {
          "id": "aq-mode",
          "parameter": "aq-mode",
          "control": {
            "type": "combobox",
            "selectedIndex": 2,
            "items": [
              {
                "value": "0"
              },
              {
                "value": "1"
              },
              {
                "value": "2"
              }
            ]
          }
        },
        {
          "id": "use-fixed-qindex-offsets",
          "parameter": "use-fixed-qindex-offsets",
          "control": {
            "type": "integer",
            "minimum": 0,
            "maximum": 2,
            "value": 0,
            "singleStep": 1
          }
        },
        {
          "id": "key-frame-qindex-offset",
          "parameter": "key-frame-qindex-offset",
          "control": {
            "type": "integer",
            "minimum": -256,
            "maximum": 255,
            "value": 0,
            "singleStep": 1
          }
        },
        {
          "id": "key-frame-chroma-qindex-offset",
          "parameter": "key-frame-chroma-qindex-offset",
          "control": {
            "type": "integer",
            "minimum": -256,
            "maximum": 255,
            "value": 0,
            "singleStep": 1
          }
        },
        {
          "id": "undershoot-pct",
          "parameter": "undershoot-pct",
          "control": {
            "type": "integer",
            "minimum": 0,
            "maximum": 100,
            "value": 25,
            "singleStep": 1
          }
        },
        {
          "id": "overshoot-pct",
          "parameter": "overshoot-pct",
          "control": {
            "type": "integer",
            "minimum": 0,
            "maximum": 100,
            "value": 25,
            "singleStep": 1
          }
        },
        {
          "id": "mbr-overshoot-pct",
          "parameter": "mbr-overshoot-pct",
          "control": {
            "type": "integer",
            "minimum": 0,
            "maximum": 100,
            "value": 50,
            "singleStep": 1
          }
        },
        {
          "id": "buf-sz",
          "parameter": "buf-sz",
          "control": {
            "type": "integer",
            "minimum": 20,
            "maximum": 10000,
            "value": 1000,
            "singleStep": 10
          }
        },
        {
          "id": "buf-initial-sz",
          "parameter": "buf-initial-sz",
          "control": {
            "type": "integer",
            "minimum": 20,
            "maximum": 10000,
            "value": 600,
            "singleStep": 10
          }
        },
        {
          "id": "buf-optimal-sz",
          "parameter": "buf-optimal-sz",
          "control": {
            "type": "integer",
            "minimum": 20,
            "maximum": 10000,
            "value": 600,
            "singleStep": 10
          }
        },
        {
          "id": "recode-loop",
          "parameter": "recode-loop",
          "control": {
            "type": "combobox",
            "selectedIndex": 4,
            "items": [
              {
                "value": "0"
              },
              {
                "value": "1"
              },
              {
                "value": "2"
              },
              {
                "value": "3"
              },
              {
                "value": "4"
              }
            ]
          }
        },
        {
          "id": "bias-pct",
          "parameter": "bias-pct",
          "control": {
            "type": "integer",
            "minimum": 0,
            "maximum": 100,
            "value": 100,
            "singleStep": 1
          }
        },
        {
          "id": "minsection-pct",
          "parameter": "minsection-pct",
          "control": {
            "type": "integer",
            "minimum": 0,
            "maximum": 100,
            "value": 0,
            "singleStep": 1
          }
        },
        {
          "id": "maxsection-pct",
          "parameter": "maxsection-pct",
          "control": {
            "type": "integer",
            "minimum": 0,
            "maximum": 10000,
            "value": 2000,
            "singleStep": 10
          }
        },
        {
          "id": "gop-constraint-rc",
          "parameter": "gop-constraint-rc",
          "control": {
            "type": "boolean",
            "value": false
          }
        },
        {
          "id": "enable-qm",
          "parameter": "enable-qm",
          "control": {
            "type": "boolean",
            "value": false
          }
        },
        {
          "id": "qm-min",
          "parameter": "qm-min",
          "control": {
            "type": "integer",
            "minimum": 0,
            "maximum": 15,
            "value": 8,
            "singleStep": 1
          }
        },
        {
          "id": "qm-max",
          "parameter": "qm-max",
          "control": {
            "type": "integer",
            "minimum": 0,
            "maximum": 15,
            "value": 15,
            "singleStep": 1
          }
        }
      ]
    },
    {
      "class": "advanced",
      "id": "av1_specific",
      "properties": [
        {
          "id": "tile-rows",
          "parameter": "tile_rows",
          "control": {
            "type": "integer",
            "minimum": 0,
            "maximum": 6,
            "value": 0,
            "singleStep": 1
          }
        },
        {
          "id": "tile-columns",
          "parameter": "tile_columns",
          "control": {
            "type": "integer",
            "minimum": 0,
            "maximum": 4,
            "value": 0,
            "singleStep": 1
          }
        },
        {
          "id": "enable-dlf",
          "parameter": "enable-dlf",
          "control": {
            "type": "boolean",
            "value": true
          }
        },
        {
          "id": "enable-cdef",
          "parameter": "enable-cdef",
          "control": {
            "type": "boolean",
            "value": true
          }
        },
        {
          "id": "enable-restoration",
          "parameter": "enable-restoration",
          "control": {
            "type": "boolean",
            "value": true
          }
        },
        {
          "id": "enable-tpl-la",
          "parameter": "enable-tpl-la",
          "control": {
            "type": "boolean",
            "value": true
          }
        },
        {
          "id": "enable-tf",
          "parameter": "enable-tf",
          "control": {
            "type": "boolean",
            "value": true
          }
        },
        {
          "id": "enable-overlays",
          "parameter": "enable-overlays",
          "control": {
            "type": "boolean",
            "value": false
          }
        },
        {
          "id": "scm",
          "parameter": "scm",
          "control": {
            "type": "combobox",
            "selectedIndex": 2,
            "items": [
              {
                "value": "0"
              },
              {
                "value": "1"
              },
              {
                "value": "2"
              }
            ]
          }
        },
        {
          "id": "rmv",
          "parameter": "rmv",
          "control": {
            "type": "boolean",
            "value": false
          }
        },
        {
          "id": "film-grain-denoise",
          "parameter": "film-grain-denoise",
          "control": {
            "type": "boolean",
            "value": true
          }
        },
        {
          "id": "superres-mode",
          "parameter": "superres-mode",
          "control": {
            "type": "combobox",
            "selectedIndex": 2,
            "items": [
              {
                "value": "0"
              },
              {
                "value": "1"
              },
              {
                "value": "2"
              },
              {
                "value": "3"
              },
              {
                "value": "4"
              }
            ]
          }
        },
        {
          "id": "superres-denom",
          "parameter": "superres-denom",
          "control": {
            "type": "integer",
            "minimum": 8,
            "maximum": 16,
            "value": 8,
            "singleStep": 1
          }
        },
        {
          "id": "superres-kf-denom",
          "parameter": "superres-kf-denom",
          "control": {
            "type": "integer",
            "minimum": 8,
            "maximum": 16,
            "value": 8,
            "singleStep": 1
          }
        },
        {
          "id": "superres-qthres",
          "parameter": "superres-qthres",
          "control": {
            "type": "integer",
            "minimum": 0,
            "maximum": 63,
            "value": 43,
            "singleStep": 1
          }
        },
        {
          "id": "superres-kf-qthres",
          "parameter": "superres-kf-qthres",
          "control": {
            "type": "integer",
            "minimum": 0,
            "maximum": 63,
            "value": 43,
            "singleStep": 1
          }
        },
        {
          "id": "sframe-dist",
          "parameter": "sframe-dist",
          "control": {
            "type": "integer",
            "minimum": 0,
            "maximum": 2147483647,
            "value": 0,
            "singleStep": 1
          }
        },
        {
          "id": "sframe-mode",
          "parameter": "sframe-mode",
          "control": {
            "type": "integer",
            "minimum": 1,
            "maximum": 2,
            "value": 2,
            "singleStep": 1
          }
        },
        {
          "id": "resize-mode",
          "parameter": "resize-mode",
          "control": {
            "type": "integer",
            "minimum": 0,
            "maximum": 4,
            "value": 0,
            "singleStep": 1
          }
        },
        {
          "id": "resize-denom",
          "parameter": "resize-denom",
          "control": {
            "type": "integer",
            "minimum": 8,
            "maximum": 16,
            "value": 8,
            "singleStep": 1
          }
        },
        {
          "id": "resize-kf-denom",
          "parameter": "resize-kf-denom",
          "control": {
            "type": "integer",
            "minimum": 8,
            "maximum": 16,
            "value": 8,
            "singleStep": 1
          }
        }
      ]
    },
    {
      "class": "color",
      "id": "color",
      "properties": [
        {
          "id": "color-primaries",
          "parameter": "color-primaries",
          "control": {
            "type": "combobox",
            "selectedIndex": 1,
            "items": [
              {
                "value": "1"
              },
              {
                "value": "2"
              },
              {
                "value": "4"
              },
              {
                "value": "5"
              },
              {
                "value": "6"
              },
              {
                "value": "7"
              },
              {
                "value": "8"
              },
              {
                "value": "9"
              },
              {
                "value": "10"
              },
              {
                "value": "11"
              },
              {
                "value": "12"
              },
              {
                "value": "22"
              }
            ]
          }
        },
        {
          "id": "transfer-characteristics",
          "parameter": "transfer-characteristics",
          "control": {
            "type": "combobox",
            "selectedIndex": 1,
            "items": [
              {
                "value": "1"
              },
              {
                "value": "2"
              },
              {
                "value": "4"
              },
              {
                "value": "5"
              },
              {
                "value": "6"
              },
              {
                "value": "7"
              },
              {
                "value": "8"
              },
              {
                "value": "9"
              },
              {
                "value": "10"
              },
              {
                "value": "11"
              },
              {
                "value": "12"
              },
              {
                "value": "13"
              },
              {
                "value": "14"
              },
              {
                "value": "15"
              },
              {
                "value": "16"
              },
              {
                "value": "17"
              },
              {
                "value": "18"
              }
            ]
          }
        },
        {
          "id": "matrix-coefficients",
          "parameter": "matrix-coefficients",
          "control": {
            "type": "combobox",
            "selectedIndex": 2,
            "items": [
              {
                "value": "0"
              },
              {
                "value": "1"
              },
              {
                "value": "2"
              },
              {
                "value": "4"
              },
              {
                "value": "5"
              },
              {
                "value": "6"
              },
              {
                "value": "7"
              },
              {
                "value": "8"
              },
              {
                "value": "9"
              },
              {
                "value": "10"
              },
              {
                "value": "11"
              },
              {
                "value": "12"
              },
              {
                "value": "13"
              },
              {
                "value": "14"
              }
            ]
          }
        },
        {
          "id": "color-range",
          "parameter": "color-range",
          "control": {
            "type": "combobox",
            "selectedIndex": 0,
            "items": [
              {
                "value": "0"
              },
              {
                "value": "1"
              }
            ]
          }
        },
        {
          "id": "chroma-sample-position",
          "parameter": "chroma-sample-position",
          "control": {
            "type": "combobox",
            "selectedIndex": 0,
            "items": [
              {
                "value": "0"
              },
              {
                "value": "1"
              },
              {
                "value": "2"
              }
            ]
          }
        },
        {
          "id": "mastering-display",
          "parameter": "mastering-display",
          "control": {
            "type": "string",
            "value": "none"
          }
        },
        {
          "id": "content-light",
          "parameter": "content-light",
          "control": {
            "type": "string",
            "value": "none"
          }
        }
      ]
    }
  ]
}