{
  "$schema": "http://json-schema.org/draft-04/schema#",
  "id": "libvorbis",
  "name": "Vorbis",
  "defaults": {
    "_sampleFormat": "fltp"
  },
  "groups": [
    {
      "id": "libvorbis.standard",
      "class": "standard",
      "properties": [
        {
          "id": "libvorbis.standard.strategy",
          "parameter": "_strategy",
          "forced": true,
          "control": {
            "type": "combobox",
            "selectedIndex": 0,
            "items": [
              {
                "value": "abr",
                "filters": [
                  {
                    "filter": "OnSelection",
                    "params": {
                      "ShowOptions": [
                        {
                          "id": "libvorbis.standard.strategy.abr",
                          "visible": true
                        },
                        {
                          "id": "libvorbis.standard.strategy.cqp",
                          "visible": false
                        }
                      ]
                    }
                  }
                ]
              },
              {
                "value": "cqp",
                "filters": [
                  {
                    "filter": "OnSelection",
                    "params": {
                      "ShowOptions": [
                        {
                          "id": "libvorbis.standard.strategy.abr",
                          "visible": false
                        },
                        {
                          "id": "libvorbis.standard.strategy.cqp",
                          "visible": true
                        }
                      ]
                    }
                  }
                ]
              }
            ]
          }
        },
        {
          "id": "libvorbis.standard.strategy.abr",
          "parameter": "b",
          "forced": true,
          "control": {
            "type": "combobox",
            "selectedIndex": 1,
            "items": [
              {
                "value": "64000"
              },
              {
                "value": "96000"
              },
              {
                "value": "128000"
              },
              {
                "value": "192000"
              },
              {
                "value": "256000"
              },
              {
                "value": "320000"
              },
              {
                "value": "384000"
              },
              {
                "value": "448000"
              }
            ]
          }
        },
        {
          "id": "libvorbis.standard.strategy.cqp",
          "parameter": "qp",
          "forced": true,
          "control": {
            "type": "combobox",
            "selectedIndex": 4,
            "items": [
              {
                "value": "-1"
              },
              {
                "value": "0"
              },
              {
                "value": "1"
              },
              {
                "value": "2"
              },
              {
                "value": "3"
              },
              {
                "value": "4"
              },
              {
                "value": "5"
              },
              {
                "value": "6"
              },
              {
                "value": "7"
              },
              {
                "value": "8"
              },
              {
                "value": "9"
              },
              {
                "value": "10"
              }
            ]
          }
        }
      ]
    }
  ]
}