{
  "$schema": "http://json-schema.org/draft-04/schema#",
  "id": "matroska",
  "name": "Matroska",
  "extension": "mkv",
  "encoders": {
    "video": [ "ffv1", "h264_amf", "h264_nvenc", "hevc_amf", "hevc_nvenc", "libvpx", "libvpx-vp9", "libx264", "libx264rgb", "libx265", "prores_aw", "prores_ks", "hap", "h264_qsv", "hevc_qsv", "mpeg2_qsv", "mpeg2video", "libsvtav1", "libsvt_hevc", "vp9_qsv", "utvideo", "cfhd", "av1_qsv", "av1_nvenc", "av1_amf" ],
    "audio": [ "aac", "ac3", "eac3", "truehd", "dca", "alac", "flac", "libfdk_aac", "libmp3lame", "libopus", "libvorbis", "mp2", "pcm_s16le", "pcm_s24le", "pcm_s32le", "wavpack" ]
  },
  "capabilities": {
    "faststart": false
  }
}