{
  "$schema": "http://json-schema.org/draft-04/schema#",
  "defaults": {
    "_name": "abench"
  },
  "groups": [
    {
      "class": "standard",
      "id": "filter.abench.standard",
      "properties": [
        {
          "control": {
            "items": [
              {
                "value": "start"
              },
              {
                "value": "stop"
              }
            ],
            "selectedIndex": 0,
            "type": "combobox"
          },
          "id": "filter.abench.standard.action",
          "parameter": "action"
        }
      ]
    }
  ],
  "id": "filter.abench",
  "name": "abench",
  "type": "audio"
}