{
  "$schema": "http://json-schema.org/draft-04/schema#",
  "defaults": {
    "_name": "bandpass"
  },
  "groups": [
    {
      "class": "standard",
      "id": "filter.bandpass.standard",
      "properties": [
        {
          "control": {
            "maximum": 999999.0,
            "minimum": 0.0,
            "singleStep": 0.10000000149011612,
            "type": "float",
            "value": 3000.0
          },
          "id": "filter.bandpass.standard.frequency",
          "parameter": "frequency"
        },
        {
          "control": {
            "items": [
              {
                "value": "h"
              },
              {
                "value": "q"
              },
              {
                "value": "o"
              },
              {
                "value": "s"
              },
              {
                "value": "k"
              }
            ],
            "selectedIndex": 3,
            "type": "combobox"
          },
          "id": "filter.bandpass.standard.width_type",
          "parameter": "width_type"
        },
        {
          "control": {
            "maximum": 99999.0,
            "minimum": 0.0,
            "singleStep": 0.10000000149011612,
            "type": "float",
            "value": 0.5
          },
          "id": "filter.bandpass.standard.width",
          "parameter": "width"
        },
        {
          "control": {
            "type": "boolean",
            "value": false
          },
          "id": "filter.bandpass.standard.csg",
          "parameter": "csg"
        },
        {
          "control": {
            "maximum": -2147483647,
            "minimum": -2147483647,
            "singleStep": 1,
            "type": "integer",
            "value": -2147483647
          },
          "id": "filter.bandpass.standard.channels",
          "parameter": "channels"
        }
      ]
    }
  ],
  "id": "filter.bandpass",
  "name": "bandpass",
  "type": "audio"
}