{
  "$schema": "http://json-schema.org/draft-04/schema#",
  "defaults": {
    "_name": "colorbalance"
  },
  "groups": [
    {
      "class": "standard",
      "id": "filter.colorbalance.standard",
      "properties": [
        {
          "control": {
            "maximum": 1.0,
            "minimum": 0.0,
            "singleStep": 0.10000000149011612,
            "type": "float",
            "value": 0.0
          },
          "id": "filter.colorbalance.standard.rs",
          "parameter": "rs"
        },
        {
          "control": {
            "maximum": 1.0,
            "minimum": 0.0,
            "singleStep": 0.10000000149011612,
            "type": "float",
            "value": 0.0
          },
          "id": "filter.colorbalance.standard.gs",
          "parameter": "gs"
        },
        {
          "control": {
            "maximum": 1.0,
            "minimum": 0.0,
            "singleStep": 0.10000000149011612,
            "type": "float",
            "value": 0.0
          },
          "id": "filter.colorbalance.standard.bs",
          "parameter": "bs"
        },
        {
          "control": {
            "maximum": 1.0,
            "minimum": 0.0,
            "singleStep": 0.10000000149011612,
            "type": "float",
            "value": 0.0
          },
          "id": "filter.colorbalance.standard.rm",
          "parameter": "rm"
        },
        {
          "control": {
            "maximum": 1.0,
            "minimum": 0.0,
            "singleStep": 0.10000000149011612,
            "type": "float",
            "value": 0.0
          },
          "id": "filter.colorbalance.standard.gm",
          "parameter": "gm"
        },
        {
          "control": {
            "maximum": 1.0,
            "minimum": 0.0,
            "singleStep": 0.10000000149011612,
            "type": "float",
            "value": 0.0
          },
          "id": "filter.colorbalance.standard.bm",
          "parameter": "bm"
        },
        {
          "control": {
            "maximum": 1.0,
            "minimum": 0.0,
            "singleStep": 0.10000000149011612,
            "type": "float",
            "value": 0.0
          },
          "id": "filter.colorbalance.standard.rh",
          "parameter": "rh"
        },
        {
          "control": {
            "maximum": 1.0,
            "minimum": 0.0,
            "singleStep": 0.10000000149011612,
            "type": "float",
            "value": 0.0
          },
          "id": "filter.colorbalance.standard.gh",
          "parameter": "gh"
        },
        {
          "control": {
            "maximum": 1.0,
            "minimum": 0.0,
            "singleStep": 0.10000000149011612,
            "type": "float",
            "value": 0.0
          },
          "id": "filter.colorbalance.standard.bh",
          "parameter": "bh"
        }
      ]
    }
  ],
  "id": "filter.colorbalance",
  "name": "colorbalance",
  "type": "video"
}