{
  "$schema": "http://json-schema.org/draft-04/schema#",
  "defaults": {
    "_name": "crystalizer"
  },
  "groups": [
    {
      "class": "standard",
      "id": "filter.crystalizer.standard",
      "properties": [
        {
          "control": {
            "maximum": 10.0,
            "minimum": 0.0,
            "singleStep": 0.10000000149011612,
            "type": "float",
            "value": 2.0
          },
          "id": "filter.crystalizer.standard.i",
          "parameter": "i"
        },
        {
          "control": {
            "type": "boolean",
            "value": true
          },
          "id": "filter.crystalizer.standard.c",
          "parameter": "c"
        }
      ]
    }
  ],
  "id": "filter.crystalizer",
  "name": "crystalizer",
  "type": "audio"
}