{
  "$schema": "http://json-schema.org/draft-04/schema#",
  "defaults": {
    "_name": "cue"
  },
  "groups": [
    {
      "class": "standard",
      "id": "filter.cue.standard",
      "properties": [
        {
          "control": {
            "maximum": -2147483647,
            "minimum": 0,
            "singleStep": 1,
            "type": "integer",
            "value": 0
          },
          "id": "filter.cue.standard.cue",
          "parameter": "cue"
        },
        {
          "control": {
            "maximum": -2147483647,
            "minimum": 0,
            "singleStep": 1,
            "type": "integer",
            "value": 0
          },
          "id": "filter.cue.standard.preroll",
          "parameter": "preroll"
        },
        {
          "control": {
            "maximum": -2147483647,
            "minimum": 0,
            "singleStep": 1,
            "type": "integer",
            "value": 0
          },
          "id": "filter.cue.standard.buffer",
          "parameter": "buffer"
        }
      ]
    }
  ],
  "id": "filter.cue",
  "name": "cue",
  "type": "video"
}