{
  "$schema": "http://json-schema.org/draft-04/schema#",
  "id": "filter.eq",
  "name": "eq",
  "defaults": {},
  "groups": [
    {
      "class": "standard",
      "id": "standard",
      "properties": [
        {
          "id": "contrast",
          "parameter": "contrast",
          "control": {
            "type": "float",
            "minimum": -1000.0,
            "maximum": 1000.0,
            "singleStep": 1,
            "value": 1
          }
        },
        {
          "id": "brightness",
          "parameter": "brightness",
          "control": {
            "type": "float",
            "minimum": -1.0,
            "maximum": 1.0,
            "singleStep": 0.1,
            "value": 0
          }
        },
        {
          "id": "saturation",
          "parameter": "saturation",
          "control": {
            "type": "float",
            "minimum": 0.0,
            "maximum": 3.0,
            "singleStep": 0.1,
            "value": 1
          }
        },
        {
          "id": "gamma",
          "parameter": "gamma",
          "control": {
            "type": "float",
            "minimum": 0.1,
            "maximum": 10.0,
            "singleStep": 0.1,
            "value": 1
          }
        },
        {
          "id": "gamma_r",
          "parameter": "gamma_r",
          "control": {
            "type": "float",
            "minimum": 0.1,
            "maximum": 10.0,
            "singleStep": 0.1,
            "value": 1
          }
        },
        {
          "id": "gamma_g",
          "parameter": "gamma_g",
          "control": {
            "type": "float",
            "minimum": 0.1,
            "maximum": 10.0,
            "singleStep": 0.1,
            "value": 1
          }
        },
        {
          "id": "gamma_b",
          "parameter": "gamma_b",
          "control": {
            "type": "float",
            "minimum": 0.1,
            "maximum": 10.0,
            "singleStep": 0.1,
            "value": 1
          }
        },
        {
          "id": "gamma_weight",
          "parameter": "gamma_weight",
          "control": {
            "type": "float",
            "minimum": 0.0,
            "maximum": 1.0,
            "singleStep": 0.1,
            "value": 0
          }
        },
        {
          "id": "eval",
          "parameter": "eval",
          "control": {
            "type": "combobox",
            "selectedIndex": 0,
            "items": [
              {
                "value": "init"
              },
              {
                "value": "frame"
              }
            ]
          }
        }
      ]
    }
  ]
}