{
  "$schema": "http://json-schema.org/draft-04/schema#",
  "defaults": {
    "_name": "equalizer"
  },
  "groups": [
    {
      "class": "standard",
      "id": "filter.equalizer.standard",
      "properties": [
        {
          "control": {
            "maximum": 999999.0,
            "minimum": 0.0,
            "singleStep": 0.10000000149011612,
            "type": "float",
            "value": 0.0
          },
          "id": "filter.equalizer.standard.frequency",
          "parameter": "frequency"
        },
        {
          "control": {
            "items": [
              {
                "value": "h"
              },
              {
                "value": "q"
              },
              {
                "value": "o"
              },
              {
                "value": "s"
              },
              {
                "value": "k"
              }
            ],
            "selectedIndex": 3,
            "type": "combobox"
          },
          "id": "filter.equalizer.standard.width_type",
          "parameter": "width_type"
        },
        {
          "control": {
            "maximum": 99999.0,
            "minimum": 0.0,
            "singleStep": 0.10000000149011612,
            "type": "float",
            "value": 1.0
          },
          "id": "filter.equalizer.standard.width",
          "parameter": "width"
        },
        {
          "control": {
            "maximum": 900.0,
            "minimum": 0.0,
            "singleStep": 0.10000000149011612,
            "type": "float",
            "value": 0.0
          },
          "id": "filter.equalizer.standard.gain",
          "parameter": "gain"
        },
        {
          "control": {
            "maximum": -2147483647,
            "minimum": -2147483647,
            "singleStep": 1,
            "type": "integer",
            "value": -2147483647
          },
          "id": "filter.equalizer.standard.channels",
          "parameter": "channels"
        }
      ]
    }
  ],
  "id": "filter.equalizer",
  "name": "equalizer",
  "type": "audio"
}