{
  "$schema": "http://json-schema.org/draft-04/schema#",
  "defaults": {
    "_name": "erosion"
  },
  "groups": [
    {
      "class": "standard",
      "id": "filter.erosion.standard",
      "properties": [
        {
          "control": {
            "maximum": 65535,
            "minimum": 0,
            "singleStep": 1,
            "type": "integer",
            "value": 0
          },
          "id": "filter.erosion.standard.threshold0",
          "parameter": "threshold0"
        },
        {
          "control": {
            "maximum": 65535,
            "minimum": 0,
            "singleStep": 1,
            "type": "integer",
            "value": 0
          },
          "id": "filter.erosion.standard.threshold1",
          "parameter": "threshold1"
        },
        {
          "control": {
            "maximum": 65535,
            "minimum": 0,
            "singleStep": 1,
            "type": "integer",
            "value": 0
          },
          "id": "filter.erosion.standard.threshold2",
          "parameter": "threshold2"
        },
        {
          "control": {
            "maximum": 65535,
            "minimum": 0,
            "singleStep": 1,
            "type": "integer",
            "value": 0
          },
          "id": "filter.erosion.standard.threshold3",
          "parameter": "threshold3"
        },
        {
          "control": {
            "maximum": 255,
            "minimum": 0,
            "singleStep": 1,
            "type": "integer",
            "value": 0
          },
          "id": "filter.erosion.standard.coordinates",
          "parameter": "coordinates"
        }
      ]
    }
  ],
  "id": "filter.erosion",
  "name": "erosion",
  "type": "video"
}