{
  "$schema": "http://json-schema.org/draft-04/schema#",
  "defaults": {
    "_name": "freezedetect"
  },
  "groups": [
    {
      "class": "standard",
      "id": "filter.freezedetect.standard",
      "properties": [
        {
          "control": {
            "maximum": 1.0,
            "minimum": 0.0,
            "singleStep": 0.10000000149011612,
            "type": "float",
            "value": 0.0010000000474974513
          },
          "id": "filter.freezedetect.standard.noise",
          "parameter": "noise"
        },
        {
          "control": {
            "maximum": -2147483647,
            "minimum": 0,
            "singleStep": 1,
            "type": "integer",
            "value": 0
          },
          "id": "filter.freezedetect.standard.duration",
          "parameter": "duration"
        }
      ]
    }
  ],
  "id": "filter.freezedetect",
  "name": "freezedetect",
  "type": "video"
}