{
  "$schema": "http://json-schema.org/draft-04/schema#",
  "defaults": {
    "_name": "loop"
  },
  "groups": [
    {
      "class": "standard",
      "id": "filter.loop.standard",
      "properties": [
        {
          "control": {
            "maximum": 2147483647,
            "minimum": -1,
            "singleStep": 1,
            "type": "integer",
            "value": 0
          },
          "id": "filter.loop.standard.loop",
          "parameter": "loop"
        },
        {
          "control": {
            "maximum": 32767,
            "minimum": 0,
            "singleStep": 1,
            "type": "integer",
            "value": 0
          },
          "id": "filter.loop.standard.size",
          "parameter": "size"
        },
        {
          "control": {
            "maximum": -2147483647,
            "minimum": 0,
            "singleStep": 1,
            "type": "integer",
            "value": 0
          },
          "id": "filter.loop.standard.start",
          "parameter": "start"
        }
      ]
    }
  ],
  "id": "filter.loop",
  "name": "loop",
  "type": "video"
}