{
  "$schema": "http://json-schema.org/draft-04/schema#",
  "id": "filter.pad",
  "name": "pad",
  "defaults": {},
  "groups": [
    {
      "class": "standard",
      "id": "standard",
      "properties": [
        {
          "id": "width",
          "parameter": "width",
          "forced": true,
          "control": {
            "type": "integer",
            "minimum": 0,
            "maximum": 8192,
            "singleStep": 16,
            "value": 800
          }
        },
        {
          "id": "height",
          "parameter": "height",
          "forced": true,
          "control": {
            "type": "integer",
            "minimum": 0,
            "maximum": 8192,
            "singleStep": 8,
            "value": 600
          }
        }
      ]
    },
    {
      "class": "advanced",
      "id": "advanced",
      "properties": [
        {
          "id": "x",
          "parameter": "x",
          "control": {
            "type": "integer",
            "minimum": 0,
            "maximum": 8192,
            "singleStep": 16,
            "value": 0
          }
        },
        {
          "id": "y",
          "parameter": "y",
          "control": {
            "type": "integer",
            "minimum": 0,
            "maximum": 8192,
            "singleStep": 8,
            "value": 0
          }
        },
        {
          "id": "color",
          "parameter": "color",
          "control": {
            "type": "string",
            "value": "black"
          }
        },
        {
          "id": "aspect",
          "parameter": "aspect",
          "control": {
            "type": "float",
            "maximum": 10.0,
            "minimum": 0.0,
            "singleStep": 0.1,
            "value": 0.0
          }
        }
      ]
    }
  ]
}