{
  "$schema": "http://json-schema.org/draft-04/schema#",
  "defaults": {
    "_name": "prewitt"
  },
  "groups": [
    {
      "class": "standard",
      "id": "filter.prewitt.standard",
      "properties": [
        {
          "control": {
            "maximum": 15,
            "minimum": 0,
            "singleStep": 1,
            "type": "integer",
            "value": 0
          },
          "id": "filter.prewitt.standard.planes",
          "parameter": "planes"
        },
        {
          "control": {
            "maximum": 65535.0,
            "minimum": 0.0,
            "singleStep": 0.10000000149011612,
            "type": "float",
            "value": 1.0
          },
          "id": "filter.prewitt.standard.scale",
          "parameter": "scale"
        },
        {
          "control": {
            "maximum": 65535.0,
            "minimum": 0.0,
            "singleStep": 0.10000000149011612,
            "type": "float",
            "value": 0.0
          },
          "id": "filter.prewitt.standard.delta",
          "parameter": "delta"
        }
      ]
    }
  ],
  "id": "filter.prewitt",
  "name": "prewitt",
  "type": "video"
}