{
  "$schema": "http://json-schema.org/draft-04/schema#",
  "id": "filter.setparams",
  "name": "setparams",
  "defaults": {},
  "groups": [
    {
      "class": "standard",
      "id": "standard",
      "properties": [
        {
          "id": "field_mode",
          "parameter": "field_mode",
          "control": {
            "type": "combobox",
            "selectedIndex": 0,
            "items": [
              {
                "value": "prog"
              },
              {
                "value": "bff"
              },
              {
                "value": "tff"
              }
            ]
          }
        },
        {
          "id": "range",
          "parameter": "range",
          "control": {
            "type": "combobox",
            "selectedIndex": 0,
            "items": [
              {
                "value": "tv"
              },
              {
                "value": "pc"
              }
            ]
          }
        },
        {
          "id": "color_primaries",
          "parameter": "color_primaries",
          "control": {
            "type": "combobox",
            "selectedIndex": 0,
            "items": [
              {
                "value": "bt470bg"
              },
              {
                "value": "bt470m"
              },
              {
                "value": "bt709"
              },
              {
                "value": "bt2020"
              },
              {
                "value": "film"
              },
              {
                "value": "jedec-p22"
              },
              {
                "value": "smpte170m"
              },
              {
                "value": "smpte240m"
              },
              {
                "value": "smpte428"
              },
              {
                "value": "smpte431"
              },
              {
                "value": "smpte432"
              }
            ]
          }
        },
        {
          "id": "color_trc",
          "parameter": "color_trc",
          "control": {
            "type": "combobox",
            "selectedIndex": 0,
            "items": [
              {
                "value": "arib-std-b67"
              },
              {
                "value": "bt470bg"
              },
              {
                "value": "bt470m"
              },
              {
                "value": "bt709"
              },
              {
                "value": "bt1361e"
              },
              {
                "value": "bt2020-10"
              },
              {
                "value": "bt2020-12"
              },
              {
                "value": "iec61966-2-1"
              },
              {
                "value": "iec61966-2-4"
              },
              {
                "value": "linear"
              },
              {
                "value": "log100"
              },
              {
                "value": "log316"
              },
              {
                "value": "smpte170m"
              },
              {
                "value": "smpte240m"
              },
              {
                "value": "smpte428"
              },
              {
                "value": "smpte2084"
              }
            ]
          }
        },
        {
          "id": "colorspace",
          "parameter": "colorspace",
          "control": {
            "type": "combobox",
            "selectedIndex": 0,
            "items": [
              {
                "value": "bt470bg"
              },
              {
                "value": "bt709"
              },
              {
                "value": "bt2020c"
              },
              {
                "value": "bt2020nc"
              },
              {
                "value": "chroma-derived-c"
              },
              {
                "value": "chroma-derived-nc"
              },
              {
                "value": "fcc"
              },
              {
                "value": "ictcp"
              },
              {
                "value": "gbr"
              },
              {
                "value": "smpte170m"
              },
              {
                "value": "smpte240m"
              },
              {
                "value": "smpte2085"
              },
              {
                "value": "ycgco"
              }
            ]
          }
        }
      ]
    }
  ]
}