{
  "$schema": "http://json-schema.org/draft-04/schema#",
  "defaults": {
    "_name": "sidedata"
  },
  "groups": [
    {
      "class": "standard",
      "id": "filter.sidedata.standard",
      "properties": [
        {
          "control": {
            "items": [
              {
                "value": "select"
              },
              {
                "value": "delete"
              }
            ],
            "selectedIndex": 0,
            "type": "combobox"
          },
          "id": "filter.sidedata.standard.mode",
          "parameter": "mode"
        },
        {
          "control": {
            "items": [
              {
                "value": "PANSCAN"
              },
              {
                "value": "A53_CC"
              },
              {
                "value": "STEREO3D"
              },
              {
                "value": "MATRIXENCODING"
              },
              {
                "value": "DOWNMIX_INFO"
              },
              {
                "value": "REPLAYGAIN"
              },
              {
                "value": "DISPLAYMATRIX"
              },
              {
                "value": "AFD"
              },
              {
                "value": "MOTION_VECTORS"
              },
              {
                "value": "SKIP_SAMPLES"
              },
              {
                "value": "AUDIO_SERVICE_TYPE"
              },
              {
                "value": "MASTERING_DISPLAY_METADATA"
              },
              {
                "value": "GOP_TIMECODE"
              }
            ],
            "selectedIndex": 0,
            "type": "combobox"
          },
          "id": "filter.sidedata.standard.type",
          "parameter": "type"
        }
      ]
    }
  ],
  "id": "filter.sidedata",
  "name": "sidedata",
  "type": "video"
}