{
  "$schema": "http://json-schema.org/draft-04/schema#",
  "id": "filter.tmix",
  "name": "tmix",
  "defaults": {},
  "groups": [
    {
      "class": "standard",
      "id": "standard",
      "properties": [
        {
          "id": "frames",
          "parameter": "frames",
          "control": {
            "maximum": 128,
            "minimum": 1,
            "singleStep": 1,
            "type": "integer",
            "value": 1
          }
        },
        {
          "id": "weights",
          "parameter": "weights",
          "control": {
            "type": "string",
            "value": "1 1 1"
          }
        },
        {
          "id": "scale",
          "parameter": "scale",
          "control": {
            "maximum": 32767.0,
            "minimum": 0.0,
            "singleStep": 0.1,
            "type": "float",
            "value": 0.0
          }
        }
      ]
    }
  ]
}