{
  "$schema": "http://json-schema.org/draft-04/schema#",
  "defaults": {
    "_name": "trim"
  },
  "groups": [
    {
      "class": "standard",
      "id": "filter.trim.standard",
      "properties": [
        {
          "control": {
            "maximum": -2147483647,
            "minimum": -2147483647,
            "singleStep": 1,
            "type": "integer",
            "value": -2147483647
          },
          "id": "filter.trim.standard.starti",
          "parameter": "starti"
        },
        {
          "control": {
            "maximum": -2147483647,
            "minimum": -2147483647,
            "singleStep": 1,
            "type": "integer",
            "value": -2147483647
          },
          "id": "filter.trim.standard.endi",
          "parameter": "endi"
        },
        {
          "control": {
            "maximum": -2147483647,
            "minimum": -2147483647,
            "singleStep": 1,
            "type": "integer",
            "value": 0
          },
          "id": "filter.trim.standard.start_pts",
          "parameter": "start_pts"
        },
        {
          "control": {
            "maximum": -2147483647,
            "minimum": -2147483647,
            "singleStep": 1,
            "type": "integer",
            "value": 0
          },
          "id": "filter.trim.standard.end_pts",
          "parameter": "end_pts"
        },
        {
          "control": {
            "maximum": -2147483647,
            "minimum": 0,
            "singleStep": 1,
            "type": "integer",
            "value": 0
          },
          "id": "filter.trim.standard.durationi",
          "parameter": "durationi"
        },
        {
          "control": {
            "maximum": -2147483647,
            "minimum": -1,
            "singleStep": 1,
            "type": "integer",
            "value": -1
          },
          "id": "filter.trim.standard.start_frame",
          "parameter": "start_frame"
        },
        {
          "control": {
            "maximum": -2147483647,
            "minimum": 0,
            "singleStep": 1,
            "type": "integer",
            "value": 0
          },
          "id": "filter.trim.standard.end_frame",
          "parameter": "end_frame"
        }
      ]
    }
  ],
  "id": "filter.trim",
  "name": "trim",
  "type": "video"
}